series,circle
9000,AP
9001,RJ
9101,AS
9002,WB
9102,BR
9003,TN
9103,DL
9004,MU
9005,UE
9105,HR
9006,BR
9106,HP
9007,KO
9107,JK
9008,KA
9108,KA
9009,MP
9109,KL
9010,AP
9110,KO
9011,MH
9111,MP
9012,UW
9112,MH
9013,DL
9113,NE
9014,AP
9114,OR
9015,DL
9115,PB
9016,GJ
9116,RJ
9017,HR
9117,TN
9018,JK
9118,UE
9019,KA
9119,UW
9020,KL
9120,WB
9021,MH
9121,AS
9022,MU
9122,BR
9023,PB
9123,NE
9024,RJ
9124,OR
9025,CH
9125,UE
9026,AS
9126,WB
9027,UW
9127,AS
9028,MH
9128,BR
9029,MU
9129,HP
9030,AP
9130,JK
9031,BR
9131,NE
9032,AP
9132,OR
9033,GJ
9133,AP
9034,HR
9134,AS
9035,KA
9135,BR
9036,KA
9136,DL
9037,KL
9137,GJ
9038,KO
9138,HR
9039,MP
9139,HP
9040,OR
9140,JK
9041,PB
9141,KA
9042,TC
9142,KL
9043,TC
9143,KO
9044,UE
9144,MP
9045,UW
9145,MH
9046,WB
9146,MU
9047,TN
9147,NE
9048,KL
9148,OR
9049,MH
9149,PB
9050,HR
9150,CH
9051,KO
9151,UE
9052,AP
9152,UW
9053,HR
9153,KO
9054,HP
9154,AP
9055,JK
9155,DL
9056,PB
9156,HR
9057,RJ
9157,MH
9058,UW
9158,MU
9059,AP
9159,TN
9060,KA
9160,AP
9061,KL
9161,UE
9062,KO
9162,BR
9063,AP
9163,KO
9064,AS
9164,KA
9065,BR
9165,MU
9066,DL
9166,RJ
9067,GJ
9167,MU
9068,HR
9168,TN
9069,HP
9169,UE
9070,JK
9170,UW
9071,KA
9171,CH
9072,KL
9172,MU
9073,KO
9173,GJ
9074,MP
9174,MP
9075,MH
9175,MH
9076,MU
9176,CH
9077,NE
9177,AP
9078,OR
9178,OR
9079,RJ
9179,MP
9080,TN
9180,AP
9081,UE
9181,AS
9082,UW
9182,BR
9083,WB
9183,CH
9084,DL
9184,GJ
9085,AS
9185,HP
9086,JK
9186,JK
9087,KA
9187,KA
9088,KO
9188,KL
9089,NE
9189,KO
9090,OR
9190,MP
9091,PB
9191,NE
9092,CH
9192,OR
9093,WB
9193,PB
9094,CH
9194,RJ
9095,TN
9195,TN
9096,MH
9196,UE
9097,BR
9197,WB
9098,MP
9198,UE
9099,GJ
9199,BR
8000,GJ
8001,WB
8002,BR
8003,RJ
8004,UE
8005,UE
8006,UE
8007,MH
8008,AP
8009,UE
8109,MP
8010,DL
8011,AS
8012,TN
8013,KO
8014,NE
8015,TN
8016,WB
8017,KO
8018,OR
8019,AP
8220,TN
8123,KA
8124,TN
8127,UE
8227,RJ
8128,GJ
8130,DL
8144,CH
8146,PB
8147,KA
8148,TN
8149,MH
8050,KA
8051,BR
8052,UE
8053,HR
8054,PB
8055,MH
8056,TN
8057,UW
8058,RJ
8059,HR
8268,MU
8269,MP
8080,MU
8081,UE
8082,MU
8083,BR
8084,BR
8085,MP
8086,KL
8087,MH
8088,CT
8089,KL
8090,DL
8091,HP
8092,RJ
8093,OR
8094,RJ
8095,KA
8295,HR
8096,AP
8097,MU
8098,TN
8099,AP
7200,CH
7205,OR
7208,MU
7209,BR
7250,BR
7259,KA
7275,UE
7276,MH
7278,KO
7293,KL
7298,JK
7299,CH
9500,TN
9501,PB
9502,AP
9503,MH
9504,BR
9505,AP
9506,UE
9507,BR
9508,AS
9509,RJ
9510,GJ
9511,MH
9512,GJ
9513,KA
9514,TN
9515,AP
9516,KL
9517,PB
9518,HR
9519,UE
9520,UW
9521,RJ
9522,MP
9523,BR
9524,TN
9525,BR
9526,KL
9527,MH
9528,UW
9529,RJ
9530,RJ
9531,WB
9532,UE
9533,AP
9534,BR
9535,KA
9536,UW
9537,GJ
9538,KA
9539,KL
9540,DL
9541,HR
9542,AP
9543,CH
9544,KL
9545,MH
9546,BR
9547,WB
9548,UW
9549,RJ
9550,AP
9551,CH
9552,MH
9553,AP
9554,UE
9555,DL
9556,OR
9557,UW
9558,GJ
9559,UE
9560,DL
9561,MH
9562,KL
9563,WB
9564,WB
9565,UE
9566,TN
9567,KL
9568,UW
9569,PB
9570,BR
9571,RJ
9572,BR
9573,AP
9574,GJ
9575,MP
9576,BR
9577,AS
9578,TN
9579,MH
9580,UE
9581,AP
9582,DL
9583,OR
9584,MP
9585,TN
9586,GJ
9587,RJ
9588,MU
9589,MP
9590,KA
9591,KA
9592,PB
9593,WB
9594,MU
9595,MH
9596,JK
9597,TN
9598,UE
9599,DL
8406,TN
8420,KO
8421,MH
8427,PB
8436,WB
8437,PB
8438,TN
8445,UW
8446,MH
8447,DL
8489,TN
8390,MH
7405,OR
7307,PB
7411,KA
7415,MP
7416,AP
7417,UW
7418,CH
7419,MH
7428,DL
7429,KL
7439,KO
7373,TN
7376,UE
7377,OR
7379,UE
7483,KA
7386,AP
7488,BR
7489,MP
7396,AP
7398,MP
7498,MU
7399,AS
7499,UE
9700,AP
9800,WB
9701,AP
9801,BR
9702,MU
9802,HR
9703,AP
9803,PB
9704,AP
9804,KO
9705,AP
9805,HP
9706,AS
9806,MP
9707,AS
9807,UE
9708,BR
9808,UW
9709,BR
9809,KL
9710,CH
9810,DL
9711,DL
9811,DL
9712,GJ
9812,HR
9713,MP
9813,HR
9714,GJ
9814,PB
9715,TN
9815,PB
9716,DL
9816,HP
9717,DL
9817,HP
9718,DL
9818,DL
9719,UW
9819,MU
9720,UW
9820,MU
9721,UE
9821,MU
9722,GJ
9822,MH
9723,GJ
9823,MH
9724,GJ
9824,GJ
9725,GJ
9825,GJ
9726,GJ
9826,MP
9727,GJ
9827,MP
9728,HR
9828,RJ
9729,HR
9829,RJ
9730,MH
9830,KO
9731,KA
9831,KO
9732,WB
9832,WB
9733,WB
9833,MU
9734,WB
9834,MP
9735,WB
9835,BR
9736,HP
9836,KO
9737,GJ
9837,UW
9738,KA
9838,UE
9739,KA
9839,UE
9740,KA
9840,CH
9741,KA
9841,CH
9742,KA
9842,TN
9743,KA
9843,TN
9744,KL
9844,KA
9745,KL
9845,KA
9746,KL
9846,KL
9747,KL
9847,KL
9748,KO
9848,AP
9749,WB
9849,AP
9750,TN
9850,MH
9751,TN
9851,WB
9752,MP
9852,BR
9753,MP
9853,OR
9754,MP
9854,AS
9755,MP
9855,PB
9756,UW
9856,NE
9757,MU
9857,HP
9758,UW
9858,JK
9759,UW
9859,AS
9760,UW
9860,MH
9761,UW
9861,OR
9762,MH
9862,NE
9763,MH
9863,NE
9764,MH
9864,AS
9765,MH
9865,TN
9766,MH
9866,AP
9767,MH
9867,MU
9768,MU
9868,DL
9769,MU
9869,MU
9770,MP
9870,MU
9771,BR
9871,DL
9772,RJ
9872,PB
9773,MU
9873,DL
9774,NE
9874,KO
9775,WB
9875,RJ
9776,OR
9876,PB
9777,OR
9877,PB
9778,OR
9878,PB
9779,PB
9879,GJ
9780,PB
9880,KA
9781,PB
9881,MH
9782,RJ
9882,HP
9783,RJ
9883,KO
9784,RJ
9884,CH
9785,RJ
9885,AP
9786,TN
9886,KA
9787,TN
9887,RJ
9788,TN
9888,PB
9789,TN
9889,UE
9790,TN
9890,MH
9791,TN
9891,DL
9792,UE
9892,MU
9793,UE
9893,MP
9794,UE
9894,TN
9795,UE
9895,KL
9796,JK
9896,HR
9797,JK
9897,UW
9798,BR
9898,GJ
9799,RJ
9899,DL
8600,MH
8603,BR
8714,KL
8722,KA
8750,DL
8651,BR
8652,MH
8754,TN
8658,OR
8766,RJ
8769,RJ
8686,AP
8688,AP
8790,AP
8791,UW
8793,MH
8695,TN
8796,MH
8797,BR
8698,MH
8699,PB
7600,GJ
7602,WB
7702,AP
7607,UE
7708,TN
7709,MH
7620,MH
7631,BR
7735,OR
7736,KL
7737,RJ
7738,MU
7639,TN
7739,BR
7742,RJ
7654,BR
7655,BR
7760,KA
7665,RJ
7666,MU
7667,CH
7668,MP
7676,KA
7677,BR
7679,WB
7795,KA
7696,PB
7697,MP
7797,WB
7698,GJ
7798,MH
7699,WB
7799,AP
9900,KA
9901,KA
9902,KA
9903,KO
9904,GJ
9905,BR
9906,JK
9907,MP
9908,AP
9909,GJ
9910,DL
9911,DL
9912,AP
9913,GJ
9914,PB
9915,PB
9916,KA
9917,UW
9918,UE
9919,UE
9920,MU
9921,MH
9922,MH
9923,MH
9924,GJ
9925,GJ
9926,MP
9927,UW
9928,RJ
9929,RJ
9930,MU
9931,BR
9932,WB
9933,WB
9934,BR
9935,UE
9936,UE
9937,OR
9938,OR
9939,BR
9940,CH
9941,CH
9942,TN
9943,TN
9944,TN
9945,KA
9946,KL
9947,KL
9948,AP
9949,AP
9950,RJ
9951,AP
9952,TN
9953,DL
9954,AS
9955,BR
9956,UE
9957,AS
9958,DL
9959,AP
9960,MH
9961,KL
9962,CH
9963,AP
9964,KA
9965,TN
9966,AP
9967,MU
9968,DL
9969,MU
9970,MH
9971,DL
9972,KA
9973,BR
9974,GJ
9975,MH
9976,TN
9977,MP
9978,GJ
9979,GJ
9980,KA
9981,MP
9982,RJ
9983,RJ
9984,UE
9985,AP
9986,KA
9987,MU
9988,PB
9989,AP
9990,DL
9991,HR
9992,HR
9993,MP
9994,TN
9995,KL
9996,HR
9997,UW
9998,GJ
9999,DL
8900,WB
8901,HR
8902,KO
8903,TN
8904,KA
8905,GJ
8906,WB
8907,KL
8908,OR
8909,UW
8916,MP
8921,AS
8923,UW
8924,TN
8925,CH
8926,MP
8927,MU
8928,MH
8930,HR
8939,CH
8940,TN
8943,KL
8950,HR
8951,KA
8952,NE
8953,UE
8954,UE
8955,RJ
8956,MH
8957,UE
8958,UW
8959,MP
8960,UE
8961,KO
8962,MP
8965,GJ
8966,KA
8967,WB
8968,PB
8969,TN
8970,KA
8971,KA
8972,WB
8973,TN
8974,NE
8975,MH
8976,MH
8977,AP
8978,AP
8979,UW
8980,GJ
8981,KO
8982,MP
8983,MH
8984,OR
8985,AP
8986,BR
8987,BR
8988,HP
8989,MP
8990,MP
8991,MH
8992,PB
8993,RJ
8994,TN
8995,UW
8996,UW
8997,RJ
8998,BR
8999,MU
7906,HP
7907,BR
7908,OR
7913,PB
7926,DL
7927,MP
7928,KA
7929,UW
7936,PB
7937,DL
7938,UE
7941,AP
7944,TN
7959,UE
7968,MP
7969,BR
7970,TN
7974,MH
7976,RJ
7977,GJ
7978,MP
7989,KO
7992,AP
7994,UW
7996,UE
7997,MP
7998,KA
9768,MU
8898,MU
8286,MU
9867,MU
9892,MU
9967,MU
9987,MU
9004,MU
7738,MU
8454,MU
8452,MU
8451,MU
8450,MU
7718,MU
7715,MU
7710,MU
7678,MU
8433,MU
8828,MU
7304,MU
9821,MU
9664,MU
9773,MU
9870,MU
8082,MU
9076,MU
8828,MU
8268,MU
9588,MU
9702,MU
9594,MU
8108,MU
8652,MU
8693,MU
8692,MU
8691,MU
8689,MU
8425,MU
8424,MU
8422,MU
8419,MU
9757,MU
9869,MU
9969,MU
9022,MU
9699,MU
8080,MU
7666,MU
7498,MU
8767,MU
8448,MU
7303,MU
8500,MU
8850,MU
9082,MU
8355,MU
8356,MU
9653,MU
8104,MU
8928,MU
9372,MU
9324,MU
9321,MU
8591,MU
9146,MU
9029,MU
8097,MU
8976,MU
7208,MU
8655,MU
9920,MU
9769,MU
9833,MU
9820,MU
9819,MU
9619,MU
9167,MU
9930,MU
8879,MU
7506,MU
9804,KO
8013,KO
9854,KO
7278,KO
9903,KO
9748,KO
9831,KO
9163,KO
9007,KO
8420,KO
9433,KO
9432,KO
9477,KO
9189,KO
8902,KO
9073,KO
9088,KO
7890,KO
8482,KO
8481,KO
8479,KO
8478,KO
9062,KO
9110,KO
8240,KO
8617,KO
8777,KO
9123,KO
9875,KO
6289,KO
7439,KO
9330,KO
8100,KO
7439,KO
9883,KO
9681,KO
8820,KO
8450,KO
8444,KO
8443,KO
8442,KO
8282,KO
8276,KO
8274,KO
8272,KO
8232,KO
8231,KO
8230,KO
8229,KO
7003,KO
9143,KO
8649,KO
8648,KO
8647,KO
8646,KO
9038,KO
8981,KO
8961,KO
9147,KO
8296,KO
9062,KO
8296,KO
9836,KO
9874,KO
9674,KO
9830,KO
8017,KO
9051,KO
8768,KO
8697,KO
8336,KO
8337,KO
8335,KO
8334,KO
9073,KO
9155,DL
9084,DL
9873,DL
9899,DL
9811,DL
9953,DL
9582,DL
9654,DL
9711,DL
9999,DL
7838,DL
8860,DL
8447,DL
8377,DL
8376,DL
8375,DL
8373,DL
9643,DL
7289,DL
7290,DL
7291,DL
7292,DL
7669,DL
9716,DL
8802,DL
7503,DL
8285,DL
7532,DL
7533,DL
7531,DL
7530,DL
7529,DL
9910,DL
9810,DL
9818,DL
9871,DL
9958,DL
9717,DL
9560,DL
9650,DL
9971,DL
8800,DL
8826,DL
8527,DL
8130,DL
9133,DL
9599,DL
9821,DL
9205,DL
9773,DL
9870,DL
8448,DL
9667,DL
9355,DL
7303,DL
9311,DL
7428,DL
9066,DL
9599,DL
9911,DL
9891,DL
9718,DL
9990,DL
8750,DL
8745,DL
8744,DL
8743,DL
8742,DL
8505,DL
8506,DL
8510,DL
8512,DL
7834,DL
7835,DL
7836,DL
7840,DL
9341,DL
9103,DL
9968,DL
9868,DL
9013,DL
9015,DL
8010,DL
7827,DL
7428,DL
8882,DL
8595,DL
8287,DL
8471,DL
8470,DL
8468,DL
8467,DL
7859,DL
7861,DL
7862,DL
7863,DL
7011,DL
7982,DL
8076,DL
8178,DL
8368,DL
8851,DL
8920,DL
8383,DL
8384,DL
7678,DL
9354,DL
9310,DL
7827,DL
8287,DL
8595,DL
8882,DL
9136,DL
8459,DL
9941,CH
9841,CH
9710,CH
9094,CH
7299,CH
7401,CH
9940,CH
9840,CH
9444,CH
9445,CH
9183,CH
9498,CH
9884,CH
9962,CH
9176,CH
8939,CH
7823,CH
7824,CH
7825,CH
7826,CH
