Code,circle
9768,MU
8898,MU
8286,MU
9867,MU
9892,MU
9967,MU
9987,MU
9004,MU
7738,MU
8454,MU
8452,MU
8451,MU
8450,MU
7718,MU
7715,MU
7710,MU
7678,MU
8433,MU
8828,MU
7304,MU
9821,MU
9664,MU
9773,MU
9870,MU
8082,MU
9076,MU
8828,MU
8268,MU
9588,MU
9702,MU
9594,MU
8108,MU
8652,MU
8693,MU
8692,MU
8691,MU
8689,MU
8425,MU
8424,MU
8422,MU
8419,MU
9757,MU
9869,MU
9969,MU
9022,MU
9699,MU
8080,MU
7666,MU
7498,MU
8767,MU
8448,MU
7303,MU
8500,MU
8850,MU
9082,MU
8355,MU
8356,MU
9653,MU
8104,MU
8928,MU
9372,MU
9324,MU
9321,MU
8591,MU
9146,MU
9029,MU
8097,MU
8976,MU
7208,MU
8655,MU
9920,MU
9769,MU
9833,MU
9820,MU
9819,MU
9619,MU
9167,MU
9930,MU
8879,MU
7506,MU
9804,KO
8013,KO
9854,KO
7278,KO
9903,KO
9748,KO
9831,KO
9163,KO
9007,KO
8420,KO
9433,KO
9432,KO
9477,KO
9189,KO
8902,KO
9073,KO
9088,KO
7890,KO
8482,KO
8481,KO
8479,KO
8478,KO
9062,KO
9110,KO
8240,KO
8617,KO
8777,KO
9123,KO
9875,KO
6289,KO
7439,KO
9330,KO
8100,KO
7439,KO
9883,KO
9681,KO
8820,KO
8450,KO
8444,KO
8443,KO
8442,KO
8282,KO
8276,KO
8274,KO
8272,KO
8232,KO
8231,KO
8230,KO
8229,KO
7003,KO
9143,KO
8649,KO
8648,KO
8647,KO
8646,KO
9038,KO
8981,KO
8961,KO
9147,KO
8296,KO
9062,KO
8296,KO
9836,KO
9874,KO
9674,KO
9830,KO
8017,KO
9051,KO
8768,KO
8697,KO
8336,KO
8337,KO
8335,KO
8334,KO
9073,KO
9155,DL
9084,DL
9873,DL
9899,DL
9811,DL
9953,DL
9582,DL
9654,DL
9711,DL
9999,DL
7838,DL
8860,DL
8447,DL
8377,DL
8376,DL
8375,DL
8373,DL
9643,DL
7289,DL
7290,DL
7291,DL
7292,DL
7669,DL
9716,DL
8802,DL
7503,DL
8285,DL
7532,DL
7533,DL
7531,DL
7530,DL
7529,DL
9910,DL
9810,DL
9818,DL
9871,DL
9958,DL
9717,DL
9560,DL
9650,DL
9971,DL
8800,DL
8826,DL
8527,DL
8130,DL
9133,DL
9599,DL
9821,DL
9205,DL
9773,DL
9870,DL
8448,DL
9667,DL
9355,DL
7303,DL
9311,DL
7428,DL
9066,DL
9599,DL
9911,DL
9891,DL
9718,DL
9990,DL
8750,DL
8745,DL
8744,DL
8743,DL
8742,DL
8505,DL
8506,DL
8510,DL
8512,DL
7834,DL
7835,DL
7836,DL
7840,DL
9341,DL
9103,DL
9968,DL
9868,DL
9013,DL
9015,DL
8010,DL
7827,DL
7428,DL
8882,DL
8595,DL
8287,DL
8471,DL
8470,DL
8468,DL
8467,DL
7859,DL
7861,DL
7862,DL
7863,DL
7011,DL
7982,DL
8076,DL
8178,DL
8368,DL
8851,DL
8920,DL
8383,DL
8384,DL
7678,DL
9354,DL
9310,DL
7827,DL
8287,DL
8595,DL
8882,DL
9136,DL
8459,DL
9941,CH
9841,CH
9710,CH
9094,CH
7299,CH
7401,CH
9940,CH
9840,CH
9444,CH
9445,CH
9183,CH
9498,CH
9884,CH
9962,CH
9176,CH
8939,CH
7823,CH
7824,CH
7825,CH
7826,CH
